{
  "offsets": {
    "x": -1.0,
    "y": -48.0,
    "z": -20.0
  },
  "scales": {
    "x": 1.1680440771349863,
    "y": 1.0167865707434054,
    "z": 0.8617886178861789
  },
  "meta": {
    "address": "0x0C",
    "bus": 1,
    "method": "minmax_hard_soft_iron",
    "created_unix": 1772537051.8506868
  }
}