{
  "offsets": {
    "x": -19.0,
    "y": -11.5,
    "z": -12.5
  },
  "offsets_mg": [
    -19.0,
    -11.5,
    -12.5
  ],
  "scales": {
    "x": 1.1652661064425769,
    "y": 1.0625798212005109,
    "z": 0.8328328328328328
  },
  "meta": {
    "address": "0x0C",
    "bus": 1,
    "method": "minmax_hard_soft_iron",
    "created_unix": 1772537848.7804291
  }
}