{
  "offsets": {
    "x": -28.5,
    "y": -20.0,
    "z": 23.5
  },
  "offsets_mg": [
    -28.5,
    -20.0,
    23.5
  ],
  "scales": {
    "x": 0.9575289575289575,
    "y": 1.1071428571428572,
    "z": 0.9501915708812261
  },
  "meta": {
    "address": "0x0C",
    "bus": 1,
    "method": "minmax_hard_soft_iron",
    "created_unix": 1773061232.7524123
  }
}